{"1670341355.8172326-Work2": {"J": 10, "M": 2, "W": 2, "A": 0, "Tau": 0.5, "Rho": 0.2, "P_avg": 33.239, "S_avg": 11, "h": 0.331, "H": {"Seq": {"0": [4, 1, 7, 3], "1": [2, 5, 10, 9, 8, 6]}, "Sol": 583.75, "Time": 2.402}, "Best_H": "GA"}, "1670341355.872746-Work2": {"J": 10, "M": 2, "W": 2, "A": 0, "Tau": 0.8, "Rho": 0.2, "P_avg": 42.028, "S_avg": 16, "h": 0.381, "H": {"Seq": {"0": [9, 7, 2, 5, 8], "1": [10, 3, 6, 4, 1]}, "Sol": 1644.29, "Time": 2.291}, "Best_H": "GA"}, "1670341355.9356968-Work2": {"J": 10, "M": 2, "W": 2, "A": 1, "Tau": 0.5, "Rho": 0.2, "P_avg": 30.099, "S_avg": 25, "h": 0.831, "H": {"Seq": {"0": [7, 1, 2, 4, 9], "1": [6, 8, 3, 5, 10]}, "Sol": 926.65, "Time": 2.32}, "Best_H": "GA"}, "1670341355.9849308-Work2": {"J": 10, "M": 2, "W": 2, "A": 1, "Tau": 0.8, "Rho": 0.2, "P_avg": 36.793, "S_avg": 30, "h": 0.815, "H": {"Seq": {"0": [3, 1, 8, 2, 10, 5], "1": [9, 7, 4, 6]}, "Sol": 1477.19, "Time": 2.386}, "Best_H": "GA"}, "1670341355.9996264-Work2": {"J": 10, "M": 2, "W": 2, "A": 2, "Tau": 0.5, "Rho": 0.2, "P_avg": 33.95, "S_avg": 17, "h": 0.501, "H": {"Seq": {"0": [1, 2, 10, 5], "1": [9, 3, 6, 4, 7, 8]}, "Sol": 877.49, "Time": 2.402}, "Best_H": "GA"}, "1670341356.0333166-Work2": {"J": 10, "M": 2, "W": 2, "A": 2, "Tau": 0.8, "Rho": 0.2, "P_avg": 30.881, "S_avg": 17, "h": 0.551, "H": {"Seq": {"0": [4, 6, 10, 7], "1": [5, 8, 9, 2, 1, 3]}, "Sol": 1699.09, "Time": 2.334}, "Best_H": "GA"}, "1670341356.140776-Work2": {"J": 20, "M": 2, "W": 2, "A": 0, "Tau": 0.5, "Rho": 0.2, "P_avg": 27.598, "S_avg": 8, "h": 0.29, "H": {"Seq": {"0": [3, 19, 4, 17, 15, 7, 9, 2], "1": [13, 6, 1, 14, 8, 11, 10, 18, 16, 5, 20, 12]}, "Sol": 2436.78, "Time": 4.504}, "Best_H": "GA"}, "1670341356.249039-Work2": {"J": 20, "M": 2, "W": 2, "A": 0, "Tau": 0.8, "Rho": 0.2, "P_avg": 37.766, "S_avg": 12, "h": 0.318, "H": {"Seq": {"0": [11, 15, 10, 6, 19, 1, 2, 7, 8, 4], "1": [18, 9, 12, 16, 20, 13, 3, 17, 14, 5]}, "Sol": 3556.22, "Time": 4.287}, "Best_H": "GA"}, "1670341356.3658946-Work2": {"J": 20, "M": 2, "W": 2, "A": 1, "Tau": 0.5, "Rho": 0.2, "P_avg": 36.513, "S_avg": 28, "h": 0.767, "H": {"Seq": {"0": [1, 6, 14, 2, 11, 4, 18, 17, 16, 8, 20], "1": [9, 10, 3, 7, 5, 13, 19, 12, 15]}, "Sol": 2622.67, "Time": 4.591}, "Best_H": "GA"}, "1670341356.4637458-Work2": {"J": 20, "M": 2, "W": 2, "A": 1, "Tau": 0.8, "Rho": 0.2, "P_avg": 34.436, "S_avg": 27, "h": 0.784, "H": {"Seq": {"0": [13, 6, 15, 4, 3, 1, 14], "1": [2, 19, 16, 18, 12, 9, 17, 5, 7, 8, 20, 10, 11]}, "Sol": 8560.39, "Time": 4.401}, "Best_H": "GA"}, "1670341356.559091-Work2": {"J": 20, "M": 2, "W": 2, "A": 2, "Tau": 0.5, "Rho": 0.2, "P_avg": 30.33, "S_avg": 16, "h": 0.528, "H": {"Seq": {"0": [3, 18, 6, 10, 9, 13, 16, 7], "1": [5, 11, 15, 14, 17, 1, 8, 20, 12, 2, 4, 19]}, "Sol": 3304.87, "Time": 4.606}, "Best_H": "GA"}, "1670341356.6622918-Work2": {"J": 20, "M": 2, "W": 2, "A": 2, "Tau": 0.8, "Rho": 0.2, "P_avg": 30.999, "S_avg": 16, "h": 0.516, "H": {"Seq": {"0": [17, 2, 16, 18, 3, 20, 15, 12, 6, 9], "1": [1, 8, 7, 14, 19, 4, 11, 10, 13, 5]}, "Sol": 6850.92, "Time": 4.321}, "Best_H": "GA"}, "1670341357.1155362-Work5": {"J": 25, "M": 5, "W": 5, "A": 0, "Tau": 0.5, "Rho": 0.2, "P_avg": 35.922, "S_avg": 11, "h": 0.306, "H": {"Seq": {"0": [14, 8, 7, 16, 23, 1], "1": [4, 5, 20, 10, 18], "2": [22, 17, 15, 24], "3": [2, 3, 13, 21], "4": [25, 19, 12, 9, 11, 6]}, "Sol": 1899.63, "Time": 8.12}, "Best_H": "GA"}, "1670341357.5624766-Work5": {"J": 25, "M": 5, "W": 5, "A": 0, "Tau": 0.8, "Rho": 0.2, "P_avg": 34.768, "S_avg": 11, "h": 0.316, "H": {"Seq": {"0": [12, 9, 10, 8], "1": [1, 18, 16, 5, 7], "2": [23, 13, 21], "3": [4, 17, 3, 14, 25, 24], "4": [11, 19, 20, 2, 6, 22, 15]}, "Sol": 3596.23, "Time": 7.711}, "Best_H": "GA"}, "1670341358.0148532-Work5": {"J": 25, "M": 5, "W": 5, "A": 1, "Tau": 0.5, "Rho": 0.2, "P_avg": 39.824, "S_avg": 31, "h": 0.778, "H": {"Seq": {"0": [5, 13, 16, 22], "1": [8, 2, 9, 25, 18, 20], "2": [17, 15, 14, 7], "3": [12, 24, 23, 19, 6], "4": [11, 21, 1, 10, 4, 3]}, "Sol": 2853.98, "Time": 8.275}, "Best_H": "GA"}, "1670341358.4725673-Work5": {"J": 25, "M": 5, "W": 5, "A": 1, "Tau": 0.8, "Rho": 0.2, "P_avg": 35.048, "S_avg": 27, "h": 0.77, "H": {"Seq": {"0": [15, 3, 7, 8, 18], "1": [10, 2, 24, 5, 21, 1], "2": [9, 13, 14, 11], "3": [25, 12, 4, 20], "4": [22, 6, 17, 16, 23, 19]}, "Sol": 4530.27, "Time": 7.542}, "Best_H": "GA"}, "1670341358.8357823-Work5": {"J": 25, "M": 5, "W": 5, "A": 2, "Tau": 0.5, "Rho": 0.2, "P_avg": 41.551, "S_avg": 16, "h": 0.385, "H": {"Seq": {"0": [13, 17, 23, 16, 15], "1": [21, 20, 11, 24, 3, 4], "2": [6, 2, 5, 19], "3": [18, 7, 9, 25, 1], "4": [8, 12, 22, 10, 14]}, "Sol": 2672.67, "Time": 7.948}, "Best_H": "GA"}, "1670341359.224342-Work5": {"J": 25, "M": 5, "W": 5, "A": 2, "Tau": 0.8, "Rho": 0.2, "P_avg": 36.46, "S_avg": 15, "h": 0.411, "H": {"Seq": {"0": [2, 12, 6, 15, 5], "1": [25, 20, 22, 14, 10], "2": [4, 17, 8, 13, 3], "3": [23, 7, 16, 21, 9], "4": [19, 1, 11, 18, 24]}, "Sol": 4366.01, "Time": 7.69}, "Best_H": "GA"}, "1670341360.9650037-Work5": {"J": 50, "M": 5, "W": 5, "A": 0, "Tau": 0.5, "Rho": 0.2, "P_avg": 33.214, "S_avg": 10, "h": 0.301, "Sol": 5873.35, "best_Temp": -4000, "improved": 0, "Seq": {"0": [12, 36, 3, 6, 29, 23, 16, 28, 11], "1": [18, 13, 50, 19, 14, 49, 4, 7, 8, 27], "2": [21, 17, 1, 43, 33, 44, 30, 48, 22, 42, 37], "3": [25, 45, 10, 40, 9, 34, 5, 39, 15, 41, 24], "4": [46, 35, 20, 26, 38, 31, 2, 47, 32]}, "Time": 31.16748881340027, "Best_H": "ATCS_SA"}, "1670341362.723686-Work5": {"J": 50, "M": 5, "W": 5, "A": 0, "Tau": 0.8, "Rho": 0.2, "P_avg": 34.128, "S_avg": 11, "h": 0.322, "H": {"Seq": {"0": [45, 9, 50, 46, 13, 42, 1, 41, 10], "1": [8, 23, 43, 19, 12, 7, 22, 40, 35, 16, 29], "2": [4, 36, 39, 24, 32, 28, 15, 47, 21, 20], "3": [37, 26, 2, 3, 30, 25, 34, 31], "4": [38, 49, 17, 44, 5, 27, 14, 18, 48, 33, 6, 11]}, "Sol": 12622.44, "Time": 16.203}, "Best_H": "GA"}, "1670341364.4506092-Work5": {"J": 50, "M": 5, "W": 5, "A": 1, "Tau": 0.5, "Rho": 0.2, "P_avg": 36.843, "S_avg": 28, "h": 0.76, "H": {"Seq": {"0": [10, 16, 42, 6, 21, 23, 39, 30, 22, 43, 4], "1": [19, 3, 35, 17, 46, 20, 1], "2": [13, 41, 38, 48, 33, 7, 44, 14, 34], "3": [36, 50, 2, 32, 37, 18, 31, 29, 45, 27, 9, 8, 25], "4": [26, 11, 49, 28, 40, 15, 12, 24, 5, 47]}, "Sol": 5363.58, "Time": 18.282}, "Best_H": "GA"}, "1670341366.20117-Work5": {"J": 50, "M": 5, "W": 5, "A": 1, "Tau": 0.8, "Rho": 0.2, "P_avg": 33.651, "S_avg": 26, "h": 0.773, "H": {"Seq": {"0": [21, 41, 19, 4, 6, 27, 26, 1, 8, 9, 10], "1": [28, 48, 42, 17, 29, 3, 43, 25, 40, 22], "2": [12, 7, 47, 33, 16, 30, 45, 11, 39], "3": [5, 35, 32, 37, 18, 20, 38, 50, 31, 44], "4": [15, 49, 2, 23, 13, 14, 34, 24, 46, 36]}, "Sol": 14404.12, "Time": 16.422}, "Best_H": "GA"}, "1670341367.675866-Work5": {"J": 50, "M": 5, "W": 5, "A": 2, "Tau": 0.5, "Rho": 0.2, "P_avg": 38.715, "S_avg": 15, "h": 0.387, "H": {"Seq": {"0": [21, 48, 34, 40, 25, 36, 47, 22, 38, 45], "1": [24, 44, 20, 13, 2, 46, 18, 14, 27, 8], "2": [39, 16, 31, 37, 26, 17, 10, 23, 30], "3": [5, 3, 19, 41, 33, 29, 28, 6, 9, 11, 50], "4": [1, 12, 35, 32, 49, 42, 43, 4, 7, 15]}, "Sol": 10437.3, "Time": 17.247}, "Best_H": "GA"}, "1670341369.147263-Work5": {"J": 50, "M": 5, "W": 5, "A": 2, "Tau": 0.8, "Rho": 0.2, "P_avg": 36.83, "S_avg": 15, "h": 0.407, "H": {"Seq": {"0": [36, 9, 7, 39, 3, 31, 49, 8, 10, 48], "1": [32, 5, 17, 45, 4, 42, 46, 21, 43, 37], "2": [44, 11, 47, 1, 27, 19, 20, 22, 50, 13], "3": [25, 12, 16, 2, 15, 33, 26, 29, 41], "4": [28, 18, 14, 34, 24, 35, 40, 30, 38, 6, 23]}, "Sol": 21109.7, "Time": 16.217}, "Best_H": "GA"}, "1670341372.9165363-Work10": {"J": 50, "M": 10, "W": 10, "A": 0, "Tau": 0.5, "Rho": 0.2, "P_avg": 37.016, "S_avg": 11, "h": 0.297, "H": {"Seq": {"0": [24, 49, 3, 46, 37, 34], "1": [47, 26, 2, 7], "2": [1, 6, 10, 29], "3": [9, 13, 39, 36, 19, 28], "4": [22, 14, 11, 30, 35, 16, 44], "5": [8, 17, 40, 45], "6": [27, 23, 12, 33, 5, 15], "7": [42, 18, 20, 31, 32], "8": [4, 43, 41], "9": [38, 21, 25, 50, 48]}, "Sol": 3211.01, "Time": 24.8}, "Best_H": "GA"}, "1670341376.414502-Work10": {"J": 50, "M": 10, "W": 10, "A": 0, "Tau": 0.8, "Rho": 0.2, "P_avg": 35.046, "S_avg": 11, "h": 0.314, "Sol": 6080.62, "best_Temp": 500, "improved": 1, "Seq": {"0": [16, 18, 25, 26, 17], "1": [20, 19, 43, 33, 44], "2": [11, 46, 4, 14, 5], "3": [29, 35, 34, 39, 28, 42], "4": [47, 45, 10, 7, 32], "5": [1, 6, 21, 30], "6": [3, 12, 31, 38, 36], "7": [9, 37, 23, 27, 41], "8": [24, 49, 2, 40, 15], "9": [8, 50, 22, 13, 48]}, "Time_Best": 0.001, "Time": 37.96400785446167, "Best_H": "GA_SA"}, "1670341379.8590696-Work10": {"J": 50, "M": 10, "W": 10, "A": 1, "Tau": 0.5, "Rho": 0.2, "P_avg": 33.475, "S_avg": 26, "h": 0.777, "H": {"Seq": {"0": [21, 37, 24, 8, 45], "1": [16, 43, 30, 25, 6], "2": [10, 47, 33, 40, 32], "3": [18, 27, 49, 46, 11, 22], "4": [35, 23, 14, 48, 41], "5": [38, 28, 36, 2, 31], "6": [34, 39, 17, 4, 13, 19], "7": [1, 44, 50, 29, 20], "8": [3, 12, 26, 15], "9": [5, 9, 42, 7]}, "Sol": 4594.3, "Time": 26.033}, "Best_H": "GA"}, "1670341383.8527079-Work10": {"J": 50, "M": 10, "W": 10, "A": 1, "Tau": 0.8, "Rho": 0.2, "P_avg": 34.562, "S_avg": 26, "h": 0.752, "H": {"Seq": {"0": [24, 42, 11, 16, 50, 30], "1": [1, 10, 34, 44, 35], "2": [2, 49, 29, 47, 37, 8, 33], "3": [18, 43, 31, 22, 17], "4": [27, 23, 26, 39, 32, 4], "5": [5, 45, 41], "6": [48, 40, 21], "7": [6, 36, 25, 12, 28], "8": [9, 7, 46, 15, 20], "9": [13, 3, 19, 14, 38]}, "Sol": 7299.33, "Time": 23.24}, "Best_H": "GA"}, "1670341386.7733057-Work10": {"J": 50, "M": 10, "W": 10, "A": 2, "Tau": 0.5, "Rho": 0.2, "P_avg": 33.889, "S_avg": 15, "h": 0.443, "H": {"Seq": {"0": [34, 3, 20, 19, 36], "1": [33, 18, 42, 41, 13], "2": [7, 28, 22, 16, 6], "3": [1, 46, 49, 43, 40, 24], "4": [4, 29, 26, 35, 32], "5": [38, 48, 14, 2, 5], "6": [21, 12, 17, 47], "7": [31, 37, 50, 30, 10], "8": [45, 39, 25, 11, 9], "9": [15, 23, 44, 27, 8]}, "Sol": 4499.79, "Time": 25.307}, "Best_H": "GA"}, "1670341389.9543998-Work10": {"J": 50, "M": 10, "W": 10, "A": 2, "Tau": 0.8, "Rho": 0.2, "P_avg": 35.376, "S_avg": 15, "h": 0.424, "H": {"Seq": {"0": [46, 39, 19, 13, 12, 3, 6], "1": [26, 22, 23, 42, 25], "2": [37, 4, 7, 50], "3": [32, 44, 9, 38, 11], "4": [30, 10, 45, 41], "5": [1, 48, 49, 21], "6": [47, 27, 31, 35, 40], "7": [16, 8, 2, 36, 14, 33], "8": [34, 28, 17, 29, 43], "9": [20, 15, 24, 18, 5]}, "Sol": 9228.58, "Time": 23.457}, "Best_H": "GA"}, "1670341403.475868-Work10": {"J": 100, "M": 10, "W": 10, "A": 0, "Tau": 0.5, "Rho": 0.2, "P_avg": 33.016, "S_avg": 10, "h": 0.303, "Sol": 12103.22, "best_Temp": -4000, "improved": 0, "Seq": {"0": [28, 3, 13, 42, 25, 20, 67, 14, 39, 10], "1": [83, 8, 91, 12, 84, 30, 15, 89, 97], "2": [44, 76, 46, 22, 81, 85, 68, 29, 98], "3": [5, 1, 17, 63, 37, 65, 33, 27, 36], "4": [41, 90, 75, 19, 16, 88, 38, 56, 79], "5": [77, 69, 52, 2, 45, 54, 71, 87, 64, 31, 55], "6": [26, 74, 86, 43, 92, 96, 70, 100, 4, 72, 49, 82, 73], "7": [66, 18, 24, 57, 99, 48, 80, 40, 9, 32], "8": [78, 95, 93, 47, 23, 61, 51, 62, 34, 6, 58], "9": [7, 59, 50, 35, 11, 21, 94, 53, 60]}, "Time": 58.72335863113403, "Best_H": "ATCS_SA"}, "1670341416.5408957-Work10": {"J": 100, "M": 10, "W": 10, "A": 0, "Tau": 0.8, "Rho": 0.2, "P_avg": 36.051, "S_avg": 11, "h": 0.305, "H": {"Seq": {"0": [34, 14, 23, 100, 51, 9, 5, 7, 99], "1": [1, 44, 52, 13, 79, 76, 41, 89, 35, 11, 43], "2": [8, 17, 73, 70, 39, 33, 62, 85, 80, 98, 94], "3": [10, 26, 47, 20, 88, 74, 60, 31, 2], "4": [12, 40, 92, 48, 96, 95, 45, 55, 69, 58], "5": [28, 32, 87, 46, 27, 36, 77, 97, 19, 90], "6": [56, 4, 59, 67, 22, 54, 71, 75, 42, 86, 24], "7": [64, 15, 3, 93, 84, 37, 82, 38, 29, 65], "8": [83, 61, 18, 16, 57, 50, 72, 63, 81, 49], "9": [78, 25, 21, 6, 66, 53, 68, 91, 30]}, "Sol": 30286.41, "Time": 52.392}, "Best_H": "GA"}, "1670341429.622734-Work10": {"J": 100, "M": 10, "W": 10, "A": 1, "Tau": 0.5, "Rho": 0.2, "P_avg": 37.862, "S_avg": 29, "h": 0.766, "Sol": 21040.0, "best_Temp": -4000, "improved": 0, "Seq": {"0": [55, 10, 27, 29, 39, 80, 66], "1": [3, 65, 36, 64, 30, 41, 82, 5, 73], "2": [8, 6, 56, 61, 93, 75, 35, 49], "3": [86, 88, 89, 16, 21, 68, 11, 79, 78, 100, 24], "4": [18, 90, 67, 81, 37, 22, 98, 47, 13, 28, 4, 50], "5": [94, 84, 74, 69, 87, 53, 46, 23, 40, 60], "6": [63, 32, 12, 97, 17, 14, 52, 42, 58, 38, 54, 83, 48], "7": [77, 45, 59, 19, 76, 15, 25, 9, 72, 51, 99], "8": [33, 71, 1, 85, 26, 92, 62, 7, 96, 31, 70, 91], "9": [95, 57, 44, 20, 2, 34, 43]}, "Time": 58.77927088737488, "Best_H": "ATCS_SA"}, "1670341442.7040076-Work10": {"J": 100, "M": 10, "W": 10, "A": 1, "Tau": 0.8, "Rho": 0.2, "P_avg": 34.804, "S_avg": 26, "h": 0.747, "Sol": 35591.22, "best_Temp": 500, "improved": 1, "Seq": {"0": [63, 78, 100, 96, 79, 53, 81, 22, 28], "1": [77, 80, 13, 65, 75, 33, 56, 3, 43, 36, 58], "2": [97, 51, 40, 25, 37, 85, 76, 34, 10, 60, 4], "3": [68, 29, 38, 23, 99, 11, 89, 41, 61], "4": [74, 42, 24, 67, 7, 62, 92, 2, 82, 71], "5": [44, 88, 27, 5, 47, 72, 19, 14, 17, 54], "6": [12, 30, 9, 35, 55, 57, 49, 45, 18, 73, 69], "7": [94, 83, 48, 1, 64, 70, 31, 50, 52, 87], "8": [8, 46, 95, 26, 32, 66, 91, 93, 6, 86], "9": [15, 90, 21, 98, 84, 39, 59, 16, 20]}, "Time_Best": 0.048, "Time": 58.84475493431091, "Best_H": "GA_SA"}, "1670341454.4467852-Work10": {"J": 100, "M": 10, "W": 10, "A": 2, "Tau": 0.5, "Rho": 0.2, "P_avg": 34.722, "S_avg": 15, "h": 0.432, "Sol": 19623.86, "best_Temp": -4000, "improved": 0, "Seq": {"0": [81, 88, 6, 87, 49, 39, 34, 70, 72, 29], "1": [67, 79, 55, 2, 63, 66, 65, 86], "2": [85, 90, 40, 94, 91, 54, 76, 52, 80, 15, 78], "3": [13, 83, 89, 17, 57, 51, 12, 92, 7, 24, 10], "4": [31, 61, 25, 60, 27, 74, 84, 9, 28, 35], "5": [3, 16, 45, 98, 1, 47, 56, 38, 46, 68], "6": [14, 18, 77, 11, 43, 36, 93, 69, 48, 99, 71], "7": [62, 97, 8, 26, 100, 59, 21, 82, 23, 30], "8": [42, 64, 41, 33, 53, 58, 44, 20, 5, 73], "9": [37, 32, 95, 22, 96, 19, 75, 50, 4]}, "Time": 58.413323163986206, "Best_H": "ATCS_SA"}, "1670341466.2058458-Work10": {"J": 100, "M": 10, "W": 10, "A": 2, "Tau": 0.8, "Rho": 0.2, "P_avg": 37.35, "S_avg": 15, "h": 0.402, "Sol": 32001.0, "best_Temp": -4000, "improved": 0, "Seq": {"0": [16, 1, 43, 57, 40, 9, 93, 99], "1": [15, 81, 38, 92, 50, 41, 26, 46, 77, 37, 66], "2": [72, 34, 95, 19, 54, 80, 22, 39, 12], "3": [32, 85, 97, 94, 36, 21, 73, 7, 69], "4": [13, 65, 100, 58, 56, 3, 27, 70, 79, 25, 64], "5": [10, 2, 76, 29, 63, 17, 91, 4, 96, 88, 11], "6": [44, 33, 82, 98, 24, 5, 59, 35, 31, 6, 18], "7": [20, 55, 8, 49, 14, 28, 53, 87, 47], "8": [23, 42, 60, 68, 89, 30, 45, 61, 74, 67, 78], "9": [90, 48, 84, 86, 52, 62, 51, 83, 71, 75]}, "Time": 58.5736870765686, "Best_H": "ATCS_SA"}, "1670341477.4478855-Work15": {"J": 75, "M": 15, "W": 15, "A": 0, "Tau": 0.5, "Rho": 0.2, "P_avg": 34.636, "S_avg": 11, "h": 0.318, "H": {"Seq": {"0": [35, 26, 27, 6], "1": [69, 58, 49, 2, 63], "2": [21, 50, 18, 42, 33], "3": [56, 13, 52], "4": [59, 51, 55, 38, 68, 36], "5": [10, 40, 22, 37, 46, 5], "6": [39, 54, 29, 43, 41], "7": [64, 1, 34, 23], "8": [74, 14, 28, 4, 53], "9": [70, 30, 71, 75], "10": [67, 24, 66, 32, 11], "11": [60, 12, 16, 72, 17, 8], "12": [31, 25, 15, 9, 7, 20], "13": [73, 19, 57, 45, 65, 61], "14": [47, 3, 62, 44, 48]}, "Sol": 5233.4, "Time": 51.06}, "Best_H": "GA"}, "1670341488.6290007-Work15": {"J": 75, "M": 15, "W": 15, "A": 0, "Tau": 0.8, "Rho": 0.2, "P_avg": 33.916, "S_avg": 10, "h": 0.295, "H": {"Seq": {"0": [14, 31, 10, 29], "1": [17, 2, 22, 73, 57, 11], "2": [28, 6, 45, 21], "3": [47, 18, 15, 13, 56], "4": [23, 67, 51, 1, 53], "5": [3, 8, 43, 26], "6": [75, 32, 65, 55], "7": [50, 68, 19, 20, 59], "8": [5, 30, 58, 62, 44], "9": [9, 35, 34, 71, 37, 72], "10": [24, 39, 49, 25, 63, 4], "11": [41, 61, 74, 64, 42, 7], "12": [48, 54, 16, 36], "13": [12, 60, 70, 69, 38, 66], "14": [27, 46, 33, 52, 40]}, "Sol": 9006.82, "Time": 48.204}, "Best_H": "GA"}, "1670341499.7977362-Work15": {"J": 75, "M": 15, "W": 15, "A": 1, "Tau": 0.5, "Rho": 0.2, "P_avg": 35.829, "S_avg": 27, "h": 0.754, "H": {"Seq": {"0": [65, 37, 38], "1": [49, 74, 41, 9], "2": [36, 30, 48, 60, 12], "3": [25, 52, 8, 68, 54, 75], "4": [4, 73, 64, 63, 40], "5": [59, 19, 44, 53], "6": [2, 50, 42, 21, 61, 46], "7": [20, 39, 28, 17], "8": [6, 35, 62, 29, 15], "9": [16, 26, 33, 47, 27, 71, 18], "10": [24, 10, 13, 14, 56, 31, 57], "11": [23, 72, 69, 1, 70], "12": [5, 7, 45, 51, 58], "13": [67, 34, 66, 32], "14": [11, 3, 43, 55, 22]}, "Sol": 8521.28, "Time": 53.547}, "Best_H": "GA"}, "1670341510.909068-Work15": {"J": 75, "M": 15, "W": 15, "A": 1, "Tau": 0.8, "Rho": 0.2, "P_avg": 34.092, "S_avg": 26, "h": 0.763, "H": {"Seq": {"0": [62, 4, 75, 59, 11], "1": [74, 52, 15, 33, 6, 27], "2": [56, 57, 28, 69, 72, 14], "3": [38, 37, 48, 73], "4": [7, 9, 60, 23], "5": [58, 16, 40, 34, 61, 5], "6": [45, 46, 17, 53], "7": [68, 54, 29, 18, 55, 20], "8": [32, 67, 70, 44, 47], "9": [1, 3, 12, 42, 8], "10": [66, 41, 43, 63, 26, 25], "11": [2, 24, 49, 71], "12": [35, 13, 19, 50], "13": [30, 39, 51, 21, 10, 64], "14": [31, 22, 36, 65]}, "Sol": 11052.37, "Time": 47.276}, "Best_H": "GA"}, "1670341520.923553-Work15": {"J": 75, "M": 15, "W": 15, "A": 2, "Tau": 0.5, "Rho": 0.2, "P_avg": 35.538, "S_avg": 15, "h": 0.422, "Sol": 7800.87, "best_Temp": 500, "improved": 1, "Seq": {"0": [27, 63, 38, 25, 32, 19], "1": [5, 15, 59, 17, 35], "2": [4, 23, 42, 69], "3": [61, 57, 64, 30], "4": [67, 56, 20, 52, 51], "5": [45, 60, 71, 53, 6], "6": [36, 55, 18, 50], "7": [74, 11, 31, 44, 47], "8": [49, 46, 3, 26, 2], "9": [75, 29, 28, 73], "10": [14, 16, 8, 48, 41, 70], "11": [13, 37, 7, 24], "12": [65, 72, 58, 33, 68, 62], "13": [9, 21, 22, 12, 66, 34], "14": [54, 40, 39, 10, 1, 43]}, "Time_Best": 0.002, "Time": 53.59376382827759, "Best_H": "ATCS_SA"}, "1670341530.7533207-Work15": {"J": 75, "M": 15, "W": 15, "A": 2, "Tau": 0.8, "Rho": 0.2, "P_avg": 35.843, "S_avg": 15, "h": 0.418, "H": {"Seq": {"0": [50, 37, 2, 68], "1": [13, 75, 72, 70, 19], "2": [24, 39, 30, 49, 52], "3": [8, 26, 29, 69, 67], "4": [74, 46, 43, 11, 32], "5": [16, 20, 41, 21], "6": [35, 7, 38, 65, 51], "7": [47, 25, 62, 42, 17], "8": [5, 40, 56, 48, 63], "9": [9, 22, 71, 59, 33, 54], "10": [44, 6, 4, 27], "11": [23, 1, 15, 64, 61, 55, 58], "12": [28, 18, 53, 73, 45], "13": [10, 60, 66, 34, 14], "14": [3, 12, 31, 57, 36]}, "Sol": 13537.06, "Time": 47.925}, "Best_H": "GA"}, "1670341574.1112313-Work15": {"J": 150, "M": 15, "W": 15, "A": 0, "Tau": 0.5, "Rho": 0.2, "P_avg": 35.158, "S_avg": 11, "h": 0.313, "Sol": 16069.14, "best_Temp": -4000, "improved": 0, "Seq": {"0": [92, 43, 130, 56, 118, 145, 77, 44, 111], "1": [88, 90, 51, 6, 13, 24, 102, 59], "2": [124, 140, 41, 40, 28, 23, 15, 139, 33, 29, 113], "3": [105, 67, 80, 58, 83, 134, 19, 114, 99, 62], "4": [61, 20, 149, 109, 3, 115, 39, 76, 85], "5": [126, 10, 104, 119, 116, 65, 94, 9], "6": [55, 133, 45, 73, 106, 75, 69, 86, 127, 150, 125, 18, 147], "7": [4, 97, 16, 53, 5, 128, 123, 31, 135, 101], "8": [21, 138, 64, 110, 95, 71, 26, 42, 129, 17, 74], "9": [7, 12, 82, 107, 66, 122, 22, 89, 14, 1], "10": [60, 137, 8, 148, 121, 52, 79, 11, 93, 72, 120, 68], "11": [35, 78, 2, 70, 96, 132, 91, 141, 100, 47], "12": [32, 81, 63, 142, 143, 98, 25, 36, 34, 38, 50], "13": [112, 131, 37, 46, 54, 84, 108], "14": [27, 144, 117, 30, 87, 136, 146, 49, 48, 57, 103]}, "Time": 85.69663381576538, "Best_H": "ATCS_SA"}, "1670341653.8191662-Work15": {"J": 150, "M": 15, "W": 15, "A": 0, "Tau": 0.8, "Rho": 0.2, "P_avg": 34.12, "S_avg": 10, "h": 0.293, "Sol": 31200.62, "best_Temp": 500, "improved": 1, "Seq": {"0": [90, 23, 56, 129, 16, 53, 10, 4], "1": [45, 20, 81, 52, 37, 102, 1, 79, 69, 141, 97, 26], "2": [123, 134, 126, 89, 41, 36, 119, 115, 83, 138], "3": [130, 15, 19, 5, 40, 146, 18, 29], "4": [57, 43, 149, 82, 120, 54, 85, 17, 71], "5": [122, 70, 98, 150, 118, 33, 24, 113, 92, 132, 128, 107], "6": [76, 58, 62, 139, 72, 3, 65, 112, 95, 94, 135], "7": [125, 28, 48, 87, 47, 22, 14, 44, 144], "8": [105, 35, 96, 42, 7, 51, 124, 100, 67], "9": [2, 30, 9, 8, 86, 143, 74, 12, 131, 50, 59, 49, 99, 25, 117], "10": [61, 78, 63, 110, 66, 147, 38, 11, 88, 84, 148], "11": [104, 77, 75, 137, 114, 140, 109, 21, 32], "12": [46, 103, 93, 116, 111, 6, 142, 13, 39, 34, 27], "13": [64, 133, 55, 68, 108, 121, 73, 31, 145], "14": [136, 91, 101, 127, 60, 80, 106]}, "Time_Best": 0.011, "Time": 86.4464180469513, "Best_H": "ATCS_SA"}, "1670341742.6381848-Work15": {"J": 150, "M": 15, "W": 15, "A": 1, "Tau": 0.5, "Rho": 0.2, "P_avg": 33.226, "S_avg": 25, "h": 0.752, "Sol": 26933.32, "best_Temp": -4000, "improved": 0, "Seq": {"0": [145, 48, 6, 12, 21, 71, 66, 142, 65, 111, 68, 4], "1": [86, 101, 134, 76, 41, 105, 119, 11, 18], "2": [58, 94, 87, 29, 31, 53, 62, 59, 9, 141, 49], "3": [80, 10, 75, 28, 14, 93, 54, 64, 47], "4": [102, 89, 81, 43, 33, 70, 103, 32, 115], "5": [37, 17, 13, 52, 30, 36, 1], "6": [67, 42, 60, 130, 107, 15, 8, 50, 140, 109, 104], "7": [34, 7, 92, 97, 24, 46, 84, 150, 100, 22, 27], "8": [73, 78, 131, 124, 55, 121, 143, 146, 35, 106], "9": [69, 110, 148, 88, 63, 26, 2, 120, 25, 3], "10": [116, 39, 99, 38, 72, 112, 117, 74, 19, 114, 118, 45], "11": [132, 91, 125, 126, 147, 85, 57, 144, 137, 44], "12": [98, 127, 113, 123, 82, 122, 61, 129, 90], "13": [16, 96, 23, 133, 135, 51, 40, 108, 77, 83, 138], "14": [139, 136, 128, 5, 56, 95, 20, 79, 149]}, "Time": 87.19590520858765, "Best_H": "ATCS_SA"}, "1670341785.401465-Work15": {"J": 150, "M": 15, "W": 15, "A": 1, "Tau": 0.8, "Rho": 0.2, "P_avg": 31.934, "S_avg": 24, "h": 0.752, "Sol": 47651.14, "best_Temp": -4000, "improved": 0, "Seq": {"0": [42, 8, 130, 133, 74, 90, 146, 119, 111], "1": [87, 84, 1, 69, 125, 50, 2], "2": [51, 40, 100, 121, 39, 147, 127, 88, 22, 123, 98, 108], "3": [114, 65, 145, 107, 38, 19, 105, 72, 150], "4": [139, 112, 59, 29, 63, 60, 92, 148, 104, 95, 21, 99, 124], "5": [6, 27, 34, 9, 101, 83, 79, 15, 91, 16], "6": [12, 140, 70, 18, 26, 48, 3, 4, 115], "7": [28, 37, 17, 25, 45, 33, 89, 138], "8": [128, 53, 23, 62, 141, 14, 11, 136, 68], "9": [81, 126, 31, 24, 67, 77, 106, 82, 52, 71, 5, 113, 10, 66], "10": [144, 137, 116, 49, 43, 32, 93, 44], "11": [109, 103, 102, 97, 58, 73, 122, 96, 7, 134, 132], "12": [56, 20, 142, 54, 36, 118, 80, 110, 57, 55, 64, 41, 143], "13": [75, 149, 35, 46, 86, 13, 47, 120], "14": [131, 94, 117, 135, 76, 129, 61, 30, 78, 85]}, "Time": 86.45213747024536, "Best_H": "ATCS_SA"}, "1670341826.1039279-Work15": {"J": 150, "M": 15, "W": 15, "A": 2, "Tau": 0.5, "Rho": 0.2, "P_avg": 34.726, "S_avg": 15, "h": 0.432, "Sol": 30258.29, "best_Temp": 500, "improved": 1, "Seq": {"0": [98, 22, 47, 125, 140, 10, 79, 91, 117, 110], "1": [69, 74, 106, 128, 94, 144, 66, 31, 55, 105], "2": [19, 40, 132, 127, 142, 5, 108, 71, 119, 21], "3": [103, 49, 118, 36, 130, 100, 64, 1, 114, 54], "4": [2, 82, 29, 13, 6, 111, 109, 95, 61, 27, 121], "5": [62, 137, 58, 34, 39, 134, 20, 104, 90], "6": [51, 73, 138, 77, 42, 89, 52, 83, 33, 25, 135], "7": [88, 70, 16, 76, 122, 112, 131, 63, 46, 101], "8": [44, 120, 32, 12, 50, 23, 107, 3, 93, 92, 11], "9": [57, 8, 126, 97, 48, 143, 133, 4, 150, 41, 113], "10": [124, 72, 65, 9, 146, 7, 87, 56, 38], "11": [17, 18, 81, 123, 84, 68, 149, 30, 136, 43], "12": [86, 37, 116, 115, 26, 129, 145, 28], "13": [85, 35, 45, 80, 24, 53, 139, 141, 96, 102], "14": [67, 148, 15, 99, 59, 60, 75, 14, 147, 78]}, "Time_Best": 0.003, "Time": 86.19603371620178, "Best_H": "ATCS_SA"}, "1670341865.0574696-Work15": {"J": 150, "M": 15, "W": 15, "A": 2, "Tau": 0.8, "Rho": 0.2, "P_avg": 33.69, "S_avg": 15, "h": 0.445, "Sol": 54356.3, "best_Temp": -4000, "improved": 0, "Seq": {"0": [102, 51, 137, 65, 69, 97, 6, 113, 73, 79, 115, 87], "1": [21, 28, 75, 62, 18, 144, 108, 1, 120, 72], "2": [80, 5, 78, 52, 40, 4, 45, 58, 123, 146], "3": [121, 89, 50, 35, 12, 47, 2, 90, 46], "4": [133, 67, 42, 99, 135, 32, 31, 55, 16, 27, 126], "5": [57, 109, 14, 76, 136, 129, 95, 100, 148, 56], "6": [106, 13, 134, 132, 8, 41, 103, 74, 44], "7": [66, 64, 81, 49, 71, 147, 54, 92, 119, 93], "8": [140, 143, 39, 19, 15, 59, 104, 63, 84, 124], "9": [34, 20, 86, 112, 128, 82, 114, 43, 24, 48], "10": [107, 150, 91, 37, 11, 10, 122, 149, 127, 61, 111], "11": [142, 141, 7, 17, 98, 25, 138, 9, 77], "12": [110, 117, 118, 131, 36, 139, 53, 60, 29, 3], "13": [83, 68, 101, 70, 130, 26, 145, 22, 30], "14": [96, 105, 38, 85, 23, 88, 94, 33, 125, 116]}, "Time": 86.67548942565918, "Best_H": "ATCS_SA"}, "1670341890.4894524-Work20": {"J": 100, "M": 20, "W": 20, "A": 0, "Tau": 0.5, "Rho": 0.2, "P_avg": 33.917, "S_avg": 10, "h": 0.295, "Sol": 8166.69, "best_Temp": 500, "improved": 1, "Seq": {"0": [73, 36, 71, 59, 3, 9], "1": [33, 6, 64, 15], "2": [5, 29, 1, 32, 89, 42, 19], "3": [38, 4, 95, 14], "4": [68, 26, 96, 28, 78], "5": [90, 8, 77, 74], "6": [91, 22, 24, 61, 66, 67], "7": [2, 82, 13, 79, 98, 56], "8": [69, 75, 83, 34, 60, 17], "9": [44, 21, 7, 54], "10": [92, 86, 94], "11": [40, 76, 63, 11, 48, 47], "12": [70, 25, 23], "13": [31, 30, 20, 45], "14": [85, 39, 99, 97, 46, 37], "15": [58, 65, 52, 53, 100, 72], "16": [87, 81], "17": [10, 57, 35, 62, 84], "18": [18, 51, 88, 43, 27, 49], "19": [12, 50, 16, 55, 41, 80, 93]}, "Time_Best": 0.004, "Time": 70.76762509346008, "Best_H": "GA_SA"}, "1670341915.9291675-Work20": {"J": 100, "M": 20, "W": 20, "A": 0, "Tau": 0.8, "Rho": 0.2, "P_avg": 36.707, "S_avg": 11, "h": 0.3, "H": {"Seq": {"0": [5, 15, 45, 74, 20], "1": [9, 1, 55, 14, 92], "2": [82, 73, 47], "3": [16, 4, 13, 95, 68, 40], "4": [72, 71, 26, 19, 87], "5": [54, 61, 79, 76], "6": [59, 83, 53, 21], "7": [48, 25, 7, 64, 35, 32], "8": [29, 12, 97, 38, 89, 23], "9": [3, 100, 42, 65, 91], "10": [36, 8, 96, 27, 2], "11": [50, 31, 10, 49, 17], "12": [24, 51, 44, 75, 93], "13": [33, 86, 66, 70, 41, 30], "14": [58, 94, 77, 98, 80], "15": [62, 37, 78, 88, 85, 90], "16": [22, 52, 63, 69], "17": [39, 81, 56, 46, 43], "18": [99, 6, 34, 28, 84], "19": [60, 57, 67, 11, 18]}, "Sol": 13564.67, "Time": 81.453}, "Best_H": "GA"}, "1670341941.3473485-Work20": {"J": 100, "M": 20, "W": 20, "A": 1, "Tau": 0.5, "Rho": 0.2, "P_avg": 36.484, "S_avg": 28, "h": 0.767, "Sol": 12591.16, "best_Temp": 500, "improved": 1, "Seq": {"0": [64, 77, 26, 9, 46], "1": [69, 45, 30, 56, 51, 58], "2": [13, 25, 90, 71, 99, 82], "3": [5, 98, 80, 94, 52, 70, 61, 63], "4": [68, 88], "5": [42, 7, 14, 83], "6": [11, 65, 87, 50, 93, 41], "7": [1, 28, 2], "8": [35, 36, 95, 84], "9": [76, 55, 79, 74, 16], "10": [12, 19, 32, 27, 38], "11": [8, 4, 44, 100, 73, 48], "12": [18, 49, 23, 62, 75, 29], "13": [47, 96, 15, 17, 59], "14": [91, 57, 20, 10], "15": [67, 22, 97, 24, 34], "16": [85, 89, 6, 54], "17": [33, 92, 21, 40, 60, 31], "18": [39, 3, 81, 43, 66], "19": [78, 72, 86, 37, 53]}, "Time_Best": 0.007, "Time": 71.14459347724915, "Best_H": "GA_SA"}, "1670341966.6508348-Work20": {"J": 100, "M": 20, "W": 20, "A": 1, "Tau": 0.8, "Rho": 0.2, "P_avg": 34.238, "S_avg": 26, "h": 0.759, "H": {"Seq": {"0": [58, 61, 57, 41], "1": [9, 75, 7, 52, 12, 93], "2": [74, 63, 19, 26], "3": [48, 88, 82, 98, 65, 20, 68], "4": [11, 6, 10, 1], "5": [96, 15, 42, 64], "6": [53, 71, 4, 38, 91], "7": [28, 62, 8, 24, 92], "8": [55, 14, 95, 51, 94, 67], "9": [80, 73, 29, 85], "10": [70, 87, 79, 17, 2], "11": [39, 56, 45, 47, 40, 60], "12": [30, 22, 49, 76], "13": [3, 25, 32, 66, 43, 13], "14": [36, 97, 21, 44, 31], "15": [46, 83, 78, 77], "16": [35, 23, 89, 69], "17": [33, 59, 99, 81, 72, 18], "18": [5, 50, 54, 90, 34, 86], "19": [27, 100, 84, 16, 37]}, "Sol": 15451.72, "Time": 83.195}, "Best_H": "GA"}, "1670341989.717826-Work20": {"J": 100, "M": 20, "W": 20, "A": 2, "Tau": 0.5, "Rho": 0.2, "P_avg": 37.985, "S_avg": 15, "h": 0.395, "Sol": 11697.78, "best_Temp": 500, "improved": 1, "Seq": {"0": [58, 79, 53, 37, 2, 75], "1": [17, 94, 100, 24, 98], "2": [61, 54, 47, 73, 30], "3": [60, 99, 66, 11], "4": [89, 34, 4, 72, 40, 3], "5": [86, 13, 57, 36, 63, 45], "6": [21, 20, 48, 19, 97], "7": [16, 83, 14, 78, 76], "8": [80, 71, 65, 91, 23], "9": [5, 46, 32, 82, 44, 56], "10": [50, 31, 15, 18], "11": [81, 87, 10, 35], "12": [51, 74, 27, 6], "13": [69, 1, 96, 55, 90], "14": [9, 41, 42, 88, 59, 68], "15": [33, 93, 22, 43], "16": [12, 77, 25, 8, 52, 28], "17": [26, 62, 39, 64, 67], "18": [84, 29, 38, 92, 85], "19": [7, 49, 70, 95]}, "Time_Best": 0.005, "Time": 70.60650444030762, "Best_H": "ATCS_SA"}, "1670342012.5250847-Work20": {"J": 100, "M": 20, "W": 20, "A": 2, "Tau": 0.8, "Rho": 0.2, "P_avg": 35.984, "S_avg": 15, "h": 0.417, "H": {"Seq": {"0": [90, 94, 29, 42, 15], "1": [22, 75, 83, 45], "2": [63, 57, 8, 71, 48], "3": [86, 43, 21, 9, 39, 32], "4": [67, 54, 44, 61], "5": [76, 89, 35, 17, 100, 19], "6": [52, 95, 6, 46, 2], "7": [18, 74, 81, 12, 47, 62, 3], "8": [24, 73, 78, 38, 58], "9": [20, 25, 16, 77, 10], "10": [14, 27, 97, 84], "11": [36, 1, 80, 60, 96], "12": [50, 23, 30, 88], "13": [4, 34, 41, 82, 33], "14": [59, 87, 51, 56], "15": [98, 5, 53, 31, 93, 26], "16": [49, 28, 99, 65], "17": [7, 91, 40, 69, 11, 55], "18": [13, 37, 64, 72, 70], "19": [85, 66, 79, 68, 92]}, "Sol": 18752.79, "Time": 81.027}, "Best_H": "GA"}, "1670342170.1553617-Work20": {"J": 200, "M": 20, "W": 20, "A": 0, "Tau": 0.5, "Rho": 0.2, "P_avg": 35.783, "S_avg": 11, "h": 0.307, "Sol": 23518.73, "best_Temp": -4000, "improved": 0, "Seq": {"0": [14, 88, 188, 70, 185, 122, 167, 26, 20, 117], "1": [151, 131, 124, 58, 134, 189, 83, 11, 90], "2": [89, 44, 34, 182, 115, 37, 174, 77, 56, 43], "3": [110, 197, 17, 85, 177, 48, 68], "4": [97, 41, 157, 101, 62, 163, 29, 100, 142], "5": [140, 127, 28, 33, 184, 149, 150, 81, 129, 52, 162], "6": [50, 92, 130, 164, 16, 102, 169, 23, 128, 199], "7": [121, 1, 186, 24, 84, 95, 200, 154, 76], "8": [19, 80, 116, 126, 36, 178, 160, 46, 143, 66, 65, 108, 75, 30, 183], "9": [105, 61, 107, 176, 144, 120, 53, 54, 32, 2], "10": [138, 106, 39, 94, 86, 123, 96, 118, 159], "11": [161, 153, 15, 40, 187, 12, 64, 31, 57, 8, 67], "12": [63, 139, 112, 10, 111, 3, 136, 7, 141, 71, 119, 125], "13": [180, 55, 135, 193, 133, 6, 168, 13, 4, 148, 69], "14": [38, 42, 103, 190, 35, 27, 179, 73, 152, 170, 173], "15": [82, 45, 132, 194, 158, 74, 113, 47, 191, 21], "16": [18, 171, 195, 93, 5, 98, 114], "17": [192, 78, 156, 25, 147, 9, 79, 99, 87, 155, 51], "18": [145, 60, 72, 109, 175, 146, 165, 91, 196, 137], "19": [166, 49, 198, 172, 181, 59, 22, 104]}, "Time": 115.69203495979309, "Best_H": "ATCS_SA"}, "1670342275.049353-Work20": {"J": 200, "M": 20, "W": 20, "A": 0, "Tau": 0.8, "Rho": 0.2, "P_avg": 36.138, "S_avg": 11, "h": 0.304, "Sol": 39381.9, "best_Temp": -4000, "improved": 0, "Seq": {"0": [88, 108, 172, 21, 15, 23, 58, 39, 173, 95, 178], "1": [110, 49, 41, 48, 87, 187, 78, 175, 18, 199], "2": [131, 27, 169, 79, 53, 66, 62, 158, 185], "3": [44, 85, 47, 84, 137, 140, 160, 35, 116], "4": [22, 123, 183, 192, 159, 17, 165, 184, 5, 4, 170], "5": [92, 188, 73, 57, 101, 63, 96, 12, 16], "6": [83, 113, 171, 136, 50, 34, 81, 200, 46, 37, 139], "7": [148, 55, 52, 190, 189, 67, 105, 59, 24, 45, 97], "8": [38, 30, 150, 114, 112, 134, 3, 32, 186, 77], "9": [70, 89, 198, 86, 128, 14, 121, 118, 193], "10": [29, 146, 60, 6, 164, 106, 149, 152], "11": [194, 9, 13, 64, 119, 93, 179, 51], "12": [103, 69, 163, 122, 180, 162, 11, 181, 68, 161, 90], "13": [20, 109, 117, 133, 195, 138, 91, 26, 191, 197], "14": [36, 155, 157, 75, 40, 31, 33, 147, 10, 141], "15": [115, 102, 72, 94, 99, 154, 42, 196, 2, 151], "16": [43, 168, 54, 174, 7, 143, 132, 125, 166, 82, 56], "17": [167, 111, 100, 153, 80, 107, 98, 176, 145, 142, 25], "18": [76, 124, 74, 28, 71, 1, 8, 177, 156, 127, 182], "19": [130, 65, 19, 129, 144, 61, 126, 135, 104, 120]}, "Time": 115.74654769897461, "Best_H": "ATCS_SA"}, "1670342430.9723048-Work20": {"J": 200, "M": 20, "W": 20, "A": 1, "Tau": 0.5, "Rho": 0.2, "P_avg": 34.487, "S_avg": 26, "h": 0.754, "Sol": 56391.93, "best_Temp": 500, "improved": 1, "Seq": {"0": [128, 50, 27, 107, 174, 188, 44, 37, 138, 153, 200, 89], "1": [195, 194, 53, 5, 118, 139, 134, 43, 47, 24, 34, 197, 19, 165], "2": [62, 129, 154, 133, 117, 186, 76, 26, 189, 115, 193, 85, 8, 143], "3": [178, 13, 64, 39, 160, 31, 177, 125], "4": [112, 32, 181, 183, 55, 58, 74, 185, 23], "5": [91, 36, 173, 114, 122, 162, 41, 170, 80, 199], "6": [169, 77, 95, 60, 57, 86, 163, 88, 21, 1, 123, 116, 198, 108, 9], "7": [161, 104, 3, 175, 7, 101, 120], "8": [137, 51, 148, 191, 166, 176, 35, 105, 71, 144, 142, 126], "9": [98, 67, 158, 151, 12, 25, 103], "10": [63, 136, 68, 14, 135, 110], "11": [48, 87, 46, 106, 99, 66, 61, 83, 147, 45, 127, 54], "12": [20, 92, 130, 180, 38, 113, 2, 140], "13": [150, 159, 179, 40, 90, 97, 141, 52, 157], "14": [79, 156, 190, 93, 111, 11, 94, 56, 17, 96, 70, 155], "15": [172, 184, 42, 18, 187, 119, 132, 59, 6, 29], "16": [182, 75, 102, 10, 73, 145, 69, 82, 22], "17": [65, 152, 49, 121, 164, 100, 167, 72], "18": [28, 30, 149, 109, 196, 33, 15, 146, 168], "19": [4, 171, 81, 131, 78, 192, 16, 124, 84]}, "Time_Best": 0.006, "Time": 114.40337204933167, "Best_H": "ATCS_SA"}, "1670342541.213746-Work20": {"J": 200, "M": 20, "W": 20, "A": 1, "Tau": 0.8, "Rho": 0.2, "P_avg": 36.713, "S_avg": 28, "h": 0.763, "Sol": 76244.92, "best_Temp": 500, "improved": 1, "Seq": {"0": [85, 41, 25, 119, 91, 127, 191, 197, 7, 70, 184], "1": [196, 54, 51, 146, 109, 161, 67, 48, 170], "2": [60, 66, 61, 165, 195, 28, 59, 131], "3": [122, 6, 24, 140, 112, 11, 194, 143, 125, 49, 116, 186, 124], "4": [121, 156, 22, 16, 81, 79, 52, 90, 69], "5": [30, 35, 147, 39, 102, 58, 135, 108, 19], "6": [129, 29, 183, 43, 123, 93, 160, 50, 36], "7": [110, 74, 23, 72, 31, 189, 153, 172, 154, 105, 8], "8": [21, 44, 47, 27, 132, 62, 37, 145, 106, 26, 157], "9": [15, 111, 126, 63, 92, 89, 130, 18, 149], "10": [86, 80, 152, 180, 65, 87, 158, 76, 38, 164, 200, 14], "11": [33, 83, 117, 84, 100, 9, 151, 68, 94, 171, 175], "12": [12, 150, 78, 168, 71, 1, 190, 139, 179, 144], "13": [114, 159, 166, 17, 75, 198, 120, 55, 174], "14": [13, 46, 5, 188, 77, 53, 148, 103, 137], "15": [178, 95, 40, 107, 134, 32, 141, 169, 181], "16": [3, 97, 128, 187, 45, 162, 96, 20, 73, 133], "17": [4, 10, 42, 177, 142, 99, 192, 113, 173, 104, 101], "18": [34, 56, 185, 155, 82, 115, 138, 193, 98, 167, 118, 182], "19": [88, 176, 57, 199, 136, 64, 163, 2]}, "Time_Best": 0.004, "Time": 115.23013734817505, "Best_H": "GA_SA"}, "1670342641.4559295-Work20": {"J": 200, "M": 20, "W": 20, "A": 2, "Tau": 0.5, "Rho": 0.2, "P_avg": 35.044, "S_avg": 15, "h": 0.428, "Sol": 36632.74, "best_Temp": -4000, "improved": 0, "Seq": {"0": [34, 78, 170, 11, 186, 16, 14, 157, 101], "1": [106, 37, 2, 51, 174, 95, 67, 45, 117, 79], "2": [63, 60, 89, 126, 56, 150, 93, 70, 58, 167], "3": [97, 151, 36, 47, 26, 176, 8, 160, 187, 183, 28], "4": [1, 100, 5, 164, 77, 39, 155, 146, 192, 4, 15], "5": [12, 175, 145, 53, 173, 73, 115, 42, 104, 159], "6": [99, 140, 92, 31, 121, 182, 41, 165, 154, 180], "7": [200, 84, 72, 6, 49, 134, 113, 25, 184, 194, 152], "8": [74, 33, 172, 96, 125, 139, 94, 55, 68], "9": [32, 127, 18, 23, 178, 179, 21, 20, 61, 118], "10": [191, 116, 7, 38, 9, 162, 195, 137, 30, 50, 197], "11": [143, 129, 75, 64, 110, 114, 142, 103, 109, 52], "12": [141, 108, 80, 71, 130, 131, 120, 85, 111], "13": [169, 188, 124, 40, 66, 190, 132, 147, 166], "14": [171, 168, 59, 198, 149, 88, 17, 86, 29, 43], "15": [44, 119, 161, 189, 65, 105, 91, 46, 69, 136], "16": [144, 135, 163, 82, 199, 3, 138, 10, 107, 122], "17": [35, 62, 185, 81, 102, 98, 27, 76, 156], "18": [133, 181, 196, 153, 24, 112, 83, 177, 148, 128, 54], "19": [19, 193, 48, 87, 123, 13, 57, 158, 90, 22]}, "Time": 115.15653777122498, "Best_H": "ATCS_SA"}, "1670342741.7227275-Work20": {"J": 200, "M": 20, "W": 20, "A": 2, "Tau": 0.8, "Rho": 0.2, "P_avg": 36.428, "S_avg": 15, "h": 0.412, "Sol": 71046.34, "best_Temp": -4000, "improved": 0, "Seq": {"0": [4, 192, 155, 100, 10, 142, 80, 12, 64, 125, 91], "1": [78, 8, 65, 135, 69, 47, 9, 32], "2": [36, 82, 159, 141, 16, 62, 152, 129, 164, 191, 81, 6], "3": [162, 174, 15, 74, 84, 193, 66, 183, 130, 176], "4": [52, 103, 194, 27, 160, 140, 127, 108, 50, 175], "5": [165, 95, 13, 41, 169, 45, 177, 156, 150, 97, 72, 14], "6": [110, 85, 17, 93, 49, 118, 168, 25, 131], "7": [20, 132, 113, 59, 128, 187, 126, 149, 157, 167], "8": [186, 171, 112, 21, 98, 86, 184, 121, 136], "9": [185, 195, 106, 163, 196, 116, 182, 143, 39, 2], "10": [153, 109, 139, 190, 144, 105, 200, 181, 122, 51], "11": [146, 148, 151, 68, 63, 102, 119, 55, 1], "12": [23, 31, 56, 79, 147, 33, 87, 70, 71, 53], "13": [123, 197, 133, 170, 158, 35, 101, 34, 179], "14": [75, 178, 188, 28, 89, 7, 42, 43, 77, 60, 5], "15": [26, 180, 83, 120, 76, 134, 46, 37, 18, 198], "16": [111, 54, 117, 44, 99, 38, 58, 24, 88], "17": [173, 22, 154, 40, 67, 166, 104, 189, 29, 11], "18": [19, 57, 96, 3, 30, 199, 73, 138, 145, 114, 48, 90], "19": [92, 61, 161, 124, 172, 94, 115, 137, 107]}, "Time": 113.90595841407776, "Best_H": "ATCS_SA"}}